TransactionID,AccountID,TransactionAmount,TransactionDate,TransactionType,Location,DeviceID,IP Address,MerchantID,Channel,CustomerAge,CustomerOccupation,TransactionDuration,LoginAttempts,AccountBalance
TX000001,AC00128,14.09,4/11/2023 16:29,Debit,San Diego,D000380,162.198.218.92,M015,ATM,70,Doctor,81,1,5112.21
TX000002,AC00455,376.24,6/27/2023 16:44,Debit,Houston,D000051,13.149.61.4,M052,ATM,68,Doctor,141,1,13758.91
TX000003,AC00019,126.29,7/10/2023 18:16,Debit,Mesa,D000235,215.97.143.157,M009,Online,19,Student,56,1,1122.35
TX000004,AC00070,184.5,5/5/2023 16:32,Debit,Raleigh,D000187,200.13.225.150,M002,Online,26,Student,25,1,8569.06
TX000005,AC00411,13.45,10/16/2023 17:51,Credit,Atlanta,D000308,65.164.3.100,M091,Online,26,Student,198,1,7429.4
TX000006,AC00393,92.15,4/3/2023 17:15,Debit,Oklahoma City,D000579,117.67.192.211,M054,ATM,18,Student,172,1,781.68
TX000007,AC00199,7.08,2/15/2023 16:36,Credit,Seattle,D000241,140.212.253.222,M019,ATM,37,Doctor,139,1,13316.71
TX000008,AC00069,171.42,5/8/2023 17:47,Credit,Indianapolis,D000500,92.214.76.157,M020,Branch,67,Retired,291,1,2796.24
TX000009,AC00135,106.23,3/21/2023 16:59,Credit,Detroit,D000690,24.148.92.177,M035,Branch,51,Engineer,86,1,9095.14
TX000010,AC00385,815.96,3/31/2023 16:06,Debit,Nashville,D000199,32.169.88.41,M007,ATM,55,Doctor,120,1,1021.88
TX000011,AC00150,17.78,3/14/2023 16:46,Credit,Albuquerque,D000205,213.15.9.253,M073,Online,52,Engineer,59,1,7599.52
TX000012,AC00459,190.02,2/6/2023 17:30,Debit,Memphis,D000589,116.175.11.222,M030,Online,21,Student,173,1,1528.81
TX000013,AC00392,494.52,6/7/2023 17:21,Credit,Mesa,D000032,210.98.198.143,M057,Branch,24,Student,111,1,1620.02
TX000014,AC00264,781.76,11/20/2023 16:39,Debit,Memphis,D000054,193.83.0.183,M025,ATM,26,Student,123,1,189.69
TX000015,AC00085,166.99,2/13/2023 16:53,Debit,Louisville,D000309,188.124.181.12,M017,Online,18,Student,134,1,299.93
TX000016,AC00270,465.45,12/12/2023 16:23,Debit,Denver,D000466,221.169.49.152,M025,ATM,36,Engineer,129,1,3465.54
TX000017,AC00317,555.8,10/30/2023 16:52,Credit,Austin,D000671,53.218.177.171,M048,Branch,19,Student,158,1,1131.26
TX000018,AC00359,492.93,12/14/2023 18:32,Debit,Columbus,D000432,114.223.129.47,M059,Online,39,Engineer,234,1,5109.97
TX000019,AC00242,18.68,2/21/2023 16:56,Credit,Albuquerque,D000530,93.218.115.132,M054,Branch,59,Retired,106,1,7948.37
TX000020,AC00285,71.48,6/8/2023 18:18,Credit,Columbus,D000039,120.170.93.69,M039,Online,18,Student,169,1,6568.59
TX000021,AC00002,59.32,2/28/2023 16:36,Debit,Los Angeles,D000152,116.44.12.250,M040,Branch,71,Retired,38,1,5750.89
TX000022,AC00014,85.77,8/11/2023 18:31,Debit,Las Vegas,D000268,59.132.247.252,M065,Branch,38,Doctor,93,1,9146.19
TX000023,AC00095,52.2,6/6/2023 18:54,Debit,Atlanta,D000142,133.63.96.21,M022,Online,39,Engineer,120,1,8974.93
TX000024,AC00453,345.84,5/2/2023 18:25,Debit,Fort Worth,D000162,191.82.103.198,M083,Online,22,Student,142,3,1402.5
TX000025,AC00241,145.54,3/2/2023 16:43,Debit,Raleigh,D000036,119.186.154.104,M028,Online,21,Student,96,1,1930.96
TX000026,AC00041,7.49,10/20/2023 17:53,Credit,Houston,D000671,81.248.235.147,M043,Online,65,Retired,276,1,3634.67
TX000027,AC00441,246.93,4/17/2023 16:37,Debit,Miami,D000046,55.154.161.250,M029,ATM,23,Student,158,5,673.35
TX000028,AC00057,40.32,3/29/2023 16:42,Debit,Milwaukee,D000310,21.28.32.1,M008,Branch,37,Engineer,95,1,2686.52
TX000029,AC00390,127.45,1/24/2023 16:18,Debit,Las Vegas,D000232,152.234.65.155,M092,Online,44,Doctor,197,1,1772.06
TX000030,AC00313,56.17,9/20/2023 16:55,Debit,Detroit,D000297,33.28.138.82,M043,Branch,27,Student,283,1,1351.69
TX000031,AC00367,28.31,7/17/2023 17:49,Credit,Miami,D000587,35.67.21.23,M091,Online,59,Doctor,20,1,8334.47
TX000032,AC00291,59.12,2/6/2023 16:24,Debit,Baltimore,D000282,187.199.178.27,M053,ATM,29,Doctor,257,1,9823.64
TX000033,AC00060,396.45,9/25/2023 16:26,Debit,New York,D000621,133.67.250.163,M007,ATM,49,Engineer,168,3,9690.15
TX000034,AC00359,877.81,3/13/2023 17:23,Debit,Los Angeles,D000111,134.140.85.231,M094,Online,22,Student,150,1,399.0
TX000035,AC00365,255.26,10/27/2023 16:42,Credit,San Francisco,D000357,92.214.76.157,M002,Branch,45,Doctor,50,1,14815.87
TX000036,AC00267,124.76,10/16/2023 16:32,Debit,Seattle,D000042,59.145.242.13,M002,Branch,49,Engineer,45,1,5764.72
TX000037,AC00404,78.13,11/21/2023 16:58,Debit,Milwaukee,D000250,33.28.138.82,M028,Branch,26,Student,145,1,900.61
TX000038,AC00202,649.28,3/2/2023 17:53,Debit,San Jose,D000448,73.108.76.238,M074,ATM,75,Retired,137,1,4875.86
TX000039,AC00478,795.31,10/12/2023 17:07,Debit,Mesa,D000077,49.29.37.185,M048,ATM,66,Doctor,90,2,7914.88
TX000040,AC00405,335.63,1/24/2023 17:17,Debit,Oklahoma City,D000038,49.20.211.229,M040,Online,55,Retired,216,1,1019.39
TX000041,AC00421,328.47,7/31/2023 18:39,Debit,San Antonio,D000557,6.234.101.35,M014,ATM,63,Retired,119,1,4323.66
TX000042,AC00480,34.02,1/9/2023 16:13,Debit,Philadelphia,D000627,109.105.179.186,M046,Online,38,Doctor,19,1,14214.48
TX000043,AC00120,241.42,4/20/2023 18:57,Credit,Charlotte,D000198,60.89.202.192,M044,Online,57,Doctor,116,1,13357.02
TX000044,AC00117,55.32,4/12/2023 16:03,Debit,Tucson,D000197,173.135.78.201,M009,ATM,19,Student,117,1,241.79
TX000045,AC00011,304.31,7/26/2023 16:52,Debit,Louisville,D000685,77.208.193.198,M005,Branch,27,Student,33,1,868.61
TX000046,AC00401,435.27,10/4/2023 17:49,Debit,Chicago,D000297,197.162.55.147,M051,Branch,74,Retired,90,1,4673.28
TX000047,AC00282,164.49,12/13/2023 16:01,Debit,Baltimore,D000103,113.115.81.178,M070,Branch,26,Student,75,1,1509.27
TX000048,AC00439,510.24,10/9/2023 16:29,Debit,Oklahoma City,D000397,186.135.2.148,M090,Online,19,Student,105,1,781.7
TX000049,AC00296,626.9,11/27/2023 16:45,Debit,Denver,D000284,93.146.251.20,M023,Online,26,Student,138,1,265.51
TX000050,AC00471,22.01,3/27/2023 16:45,Credit,Sacramento,D000304,124.6.134.78,M055,Online,41,Engineer,175,1,1335.09
TX000051,AC00159,425.34,2/13/2023 16:59,Credit,Kansas City,D000661,139.23.212.102,M040,Online,69,Retired,121,1,3907.54
TX000052,AC00482,424.56,2/21/2023 17:45,Debit,Omaha,D000598,179.43.245.131,M015,Online,51,Engineer,264,1,5183.85
TX000053,AC00115,85.43,6/7/2023 16:45,Debit,Virginia Beach,D000235,194.174.252.1,M078,Branch,67,Doctor,145,1,14904.9
TX000054,AC00055,169.5,9/7/2023 16:51,Debit,San Diego,D000442,42.219.228.159,M036,Branch,28,Student,142,1,918.88
TX000055,AC00419,104.63,3/29/2023 17:47,Debit,Omaha,D000642,186.135.2.148,M095,ATM,62,Retired,90,1,4477.78
TX000056,AC00374,316.95,8/4/2023 17:53,Debit,Mesa,D000013,81.102.230.41,M052,Branch,25,Student,83,1,1324.03
TX000057,AC00271,60.54,12/14/2023 17:52,Credit,Columbus,D000462,1.198.76.182,M095,Branch,57,Retired,52,1,3534.93
TX000058,AC00456,292.56,3/3/2023 17:37,Credit,Dallas,D000311,198.73.211.114,M075,Branch,68,Retired,61,1,4638.37
TX000059,AC00143,386.52,6/9/2023 16:18,Debit,Indianapolis,D000145,186.54.68.246,M064,Branch,48,Engineer,28,1,5630.61
TX000060,AC00427,112.07,10/2/2023 16:35,Debit,Kansas City,D000089,198.166.198.233,M064,Branch,23,Student,51,1,930.3
TX000061,AC00438,568.52,10/6/2023 18:44,Debit,Indianapolis,D000233,27.143.109.203,M094,ATM,46,Engineer,152,1,5499.91
TX000062,AC00002,263.99,5/16/2023 16:07,Debit,Dallas,D000285,7.146.35.122,M087,Branch,79,Retired,227,2,4175.02
TX000063,AC00425,349.64,11/7/2023 16:48,Debit,Las Vegas,D000516,9.230.41.239,M097,Online,48,Engineer,226,1,6651.62
TX000064,AC00325,601.4,5/30/2023 17:43,Credit,Philadelphia,D000548,125.225.212.244,M001,Branch,56,Engineer,104,1,8458.29
TX000065,AC00434,5.77,11/2/2023 16:01,Debit,Charlotte,D000461,155.164.18.235,M071,Online,50,Doctor,124,1,13988.12
TX000066,AC00242,201.33,3/29/2023 17:00,Credit,Nashville,D000098,145.246.171.225,M003,Branch,42,Engineer,186,1,2585.07
TX000067,AC00319,298.42,4/25/2023 16:11,Debit,Indianapolis,D000435,92.214.76.157,M005,Branch,56,Retired,225,1,3014.75
TX000068,AC00460,521.06,4/18/2023 18:40,Debit,Albuquerque,D000305,131.41.45.13,M063,Branch,25,Student,128,1,1951.42
TX000069,AC00461,117.28,2/9/2023 16:34,Credit,Austin,D000128,46.150.175.171,M057,Online,60,Engineer,16,1,3665.77
TX000070,AC00395,189.12,11/13/2023 16:42,Credit,Indianapolis,D000684,125.89.163.224,M040,Branch,32,Engineer,103,1,977.01
TX000071,AC00217,133.55,7/18/2023 16:12,Debit,Atlanta,D000201,40.226.196.34,M091,ATM,44,Engineer,220,1,3846.28
TX000072,AC00053,143.21,1/13/2023 17:00,Debit,Dallas,D000410,65.164.3.100,M066,Online,35,Engineer,135,1,6374.82
TX000073,AC00282,24.77,7/4/2023 18:20,Debit,Boston,D000180,9.230.41.239,M070,ATM,62,Retired,55,1,5866.01
TX000074,AC00110,233.92,10/20/2023 16:54,Credit,Jacksonville,D000295,152.140.239.181,M046,Online,26,Student,280,1,6537.62
TX000075,AC00265,1212.51,10/4/2023 16:36,Debit,Indianapolis,D000231,193.83.0.183,M036,Branch,20,Student,24,1,605.95
TX000076,AC00239,232.12,12/28/2023 17:31,Debit,Omaha,D000073,156.173.170.140,M066,ATM,37,Engineer,51,1,6689.87
TX000077,AC00007,162.63,6/12/2023 17:53,Debit,Kansas City,D000070,60.153.124.80,M060,Online,22,Student,113,1,634.17
TX000078,AC00022,91.53,3/13/2023 16:32,Debit,Milwaukee,D000363,94.37.250.128,M095,Branch,44,Doctor,69,1,14676.05
TX000079,AC00464,120.29,12/18/2023 18:46,Debit,Miami,D000561,162.198.218.92,M045,Branch,19,Student,77,1,1362.39
TX000080,AC00014,174.25,7/17/2023 18:54,Debit,Seattle,D000375,130.92.201.49,M032,Online,50,Doctor,67,1,10528.34
TX000081,AC00406,183.71,6/19/2023 18:22,Debit,Denver,D000488,86.103.2.29,M074,ATM,38,Engineer,102,1,552.52
TX000082,AC00445,345.39,10/23/2023 17:13,Credit,Phoenix,D000097,131.41.45.13,M081,Online,58,Engineer,80,1,6451.96
TX000083,AC00236,922.55,1/23/2023 16:32,Debit,Detroit,D000206,21.97.154.92,M004,ATM,63,Retired,87,1,4715.84
TX000084,AC00220,259.91,11/6/2023 16:34,Debit,Denver,D000616,36.13.239.172,M028,Online,49,Doctor,170,1,7176.86
TX000085,AC00140,154.71,7/3/2023 16:40,Debit,San Diego,D000494,167.104.180.235,M030,Online,34,Doctor,157,1,1523.72
TX000086,AC00098,1340.19,9/29/2023 17:22,Credit,Austin,D000574,165.114.224.47,M012,Online,54,Engineer,30,1,8654.28
TX000087,AC00303,24.56,10/20/2023 17:27,Debit,Mesa,D000428,16.131.3.140,M033,Branch,64,Doctor,69,1,9869.93
TX000088,AC00373,568.07,8/28/2023 17:03,Debit,Washington,D000018,8.243.4.138,M054,ATM,48,Doctor,115,1,10556.81
TX000089,AC00438,9.61,6/22/2023 18:37,Credit,San Diego,D000453,132.127.5.187,M043,Online,58,Doctor,179,1,12883.91
TX000090,AC00437,392.96,11/20/2023 16:28,Debit,Kansas City,D000141,186.54.68.246,M022,Online,24,Student,100,1,791.65
TX000091,AC00106,716.93,9/14/2023 16:49,Credit,Milwaukee,D000322,101.223.82.253,M052,Online,60,Retired,34,1,4064.02
TX000092,AC00310,223.85,10/2/2023 16:36,Debit,Kansas City,D000481,133.223.159.151,M009,ATM,53,Engineer,55,4,2929.91
TX000093,AC00149,230.66,3/27/2023 18:16,Debit,Houston,D000526,60.43.160.195,M049,Branch,21,Student,135,1,618.05
TX000094,AC00373,442.12,12/21/2023 16:37,Debit,Los Angeles,D000645,168.36.49.167,M047,Online,19,Student,260,1,1375.8
TX000095,AC00425,644.17,3/2/2023 16:05,Debit,San Antonio,D000178,165.38.56.205,M093,ATM,29,Engineer,72,1,1143.52
TX000096,AC00010,508.68,6/26/2023 16:16,Credit,Mesa,D000622,193.108.17.115,M048,Branch,51,Engineer,127,1,7708.41
TX000097,AC00348,858.63,4/18/2023 17:27,Credit,San Francisco,D000019,175.230.206.232,M002,Branch,27,Student,185,1,1872.96
TX000098,AC00011,25.36,7/17/2023 17:08,Debit,Louisville,D000192,62.152.134.92,M007,ATM,57,Engineer,78,1,201.04
TX000099,AC00453,147.62,9/1/2023 17:26,Debit,Charlotte,D000093,149.84.108.18,M028,Branch,71,Retired,133,1,2115.8
TX000100,AC00178,115.02,9/11/2023 16:19,Debit,San Antonio,D000528,134.222.122.238,M004,Branch,37,Doctor,175,1,7643.66
TX000101,AC00265,383.37,1/24/2023 17:23,Debit,Fort Worth,D000321,18.72.115.111,M066,Branch,30,Engineer,24,1,8901.93
TX000102,AC00018,98.54,8/11/2023 16:18,Credit,El Paso,D000528,34.125.226.63,M095,Online,20,Student,167,1,9383.43
TX000103,AC00075,83.24,10/16/2023 18:35,Credit,Fort Worth,D000607,21.28.32.1,M009,Branch,55,Doctor,164,1,1181.31
TX000104,AC00464,196.16,2/24/2023 16:29,Debit,Virginia Beach,D000164,204.34.243.93,M099,Branch,27,Engineer,146,1,9418.86
TX000105,AC00170,129.94,1/2/2023 16:36,Debit,Las Vegas,D000647,111.226.226.202,M045,ATM,32,Engineer,235,1,7954.92
TX000106,AC00235,306.9,11/30/2023 16:31,Debit,Colorado Springs,D000078,96.115.67.230,M047,Online,46,Engineer,51,1,9418.08
TX000107,AC00013,114.98,11/1/2023 16:52,Debit,Seattle,D000182,115.218.48.83,M032,Online,59,Retired,80,1,6144.68
TX000108,AC00397,756.59,3/6/2023 16:47,Debit,Sacramento,D000028,174.61.77.54,M012,Branch,27,Student,17,1,420.65
TX000109,AC00423,503.76,11/27/2023 18:32,Debit,Los Angeles,D000518,216.151.64.40,M083,Online,22,Student,35,1,447.82
TX000110,AC00154,143.03,7/31/2023 16:37,Debit,San Antonio,D000469,197.162.55.147,M055,ATM,63,Retired,147,1,7981.45
TX000111,AC00068,1045.22,11/22/2023 16:13,Debit,Columbus,D000400,77.7.223.184,M077,ATM,53,Retired,73,1,1829.9
TX000112,AC00318,245.54,3/21/2023 16:29,Debit,New York,D000536,44.197.126.59,M089,ATM,25,Student,180,1,985.06
TX000113,AC00396,254.37,4/20/2023 18:26,Credit,Dallas,D000477,143.212.47.226,M012,Online,51,Engineer,174,1,8849.26
TX000114,AC00121,213.76,3/1/2023 17:52,Credit,Dallas,D000574,51.250.122.123,M009,ATM,78,Retired,282,1,3528.72
TX000115,AC00336,327.86,2/10/2023 16:52,Debit,Fresno,D000655,188.124.181.12,M051,Online,40,Engineer,104,1,480.16
TX000116,AC00468,2.5,7/21/2023 16:43,Debit,San Diego,D000673,44.73.3.217,M042,Online,47,Doctor,107,1,12145.27
TX000117,AC00282,300.08,10/9/2023 17:02,Credit,Austin,D000266,85.240.254.83,M040,Online,68,Doctor,47,1,13546.75
TX000118,AC00498,56.98,1/1/2024 16:34,Credit,Oklahoma City,D000256,101.90.40.193,M086,ATM,43,Engineer,122,2,5688.37
TX000119,AC00085,407.65,7/7/2023 16:11,Debit,Boston,D000544,98.255.160.110,M041,Online,26,Engineer,62,1,8346.64
TX000120,AC00092,115.83,5/22/2023 17:09,Debit,Fresno,D000663,124.6.134.78,M086,Branch,39,Engineer,167,1,6481.04
TX000121,AC00295,53.57,8/16/2023 16:17,Debit,Houston,D000489,45.64.74.86,M025,ATM,69,Retired,121,1,1651.33
TX000122,AC00358,63.34,11/17/2023 16:02,Credit,Detroit,D000434,69.82.61.135,M028,Online,46,Doctor,165,1,11174.94
TX000123,AC00311,317.87,5/22/2023 17:29,Debit,Detroit,D000314,79.227.202.117,M076,Online,27,Student,91,1,145.5
TX000124,AC00066,331.65,8/25/2023 17:26,Debit,Portland,D000037,26.240.219.199,M006,Online,41,Engineer,61,1,4172.57
TX000125,AC00340,5.04,11/27/2023 16:38,Debit,Washington,D000021,63.67.150.226,M001,ATM,56,Retired,41,1,5558.36
TX000126,AC00284,214.54,8/4/2023 17:46,Credit,Detroit,D000112,195.226.203.234,M026,Online,70,Doctor,247,1,11151.53
TX000127,AC00208,598.81,9/4/2023 16:48,Debit,Philadelphia,D000042,92.214.76.157,M081,Branch,57,Doctor,158,1,1415.52
TX000128,AC00176,841.28,8/9/2023 17:34,Debit,Tucson,D000276,101.223.82.253,M083,Online,26,Student,80,1,1103.64
TX000129,AC00053,38.15,9/7/2023 16:07,Debit,Mesa,D000687,77.21.150.75,M005,Online,26,Student,108,1,303.68
TX000130,AC00320,1036.66,7/11/2023 16:39,Debit,San Antonio,D000015,53.218.177.171,M062,Branch,58,Doctor,144,1,5541.57
TX000131,AC00382,124.72,7/3/2023 17:14,Debit,Oklahoma City,D000118,147.234.20.46,M004,Branch,33,Engineer,105,1,6309.8
TX000132,AC00384,302.45,9/25/2023 17:13,Credit,San Antonio,D000052,203.99.96.114,M059,Branch,78,Retired,40,1,5133.61
TX000133,AC00203,208.04,11/20/2023 17:10,Debit,Louisville,D000339,65.27.212.129,M055,Online,47,Engineer,273,1,9344.98
TX000134,AC00498,5.77,11/17/2023 17:27,Credit,Los Angeles,D000236,85.240.254.83,M098,Branch,23,Student,254,1,1117.97
TX000135,AC00349,381.33,8/21/2023 16:46,Debit,Albuquerque,D000635,62.251.170.72,M034,ATM,56,Doctor,75,1,11835.35
TX000136,AC00177,16.16,10/16/2023 16:59,Debit,Milwaukee,D000465,161.177.41.214,M065,ATM,50,Doctor,124,1,14401.17
TX000137,AC00284,486.08,6/20/2023 17:21,Debit,Oklahoma City,D000170,138.87.180.254,M060,Online,18,Student,68,1,1748.69
TX000138,AC00272,336.39,1/16/2023 16:53,Debit,San Antonio,D000426,203.99.96.114,M003,Branch,21,Student,18,1,1000.46
TX000139,AC00405,997.43,11/22/2023 16:07,Debit,Seattle,D000661,100.4.40.132,M067,Online,69,Doctor,118,1,6810.05
TX000140,AC00385,234.57,9/1/2023 16:09,Debit,Chicago,D000553,45.182.28.148,M045,Online,23,Student,120,1,263.98
TX000141,AC00403,6.0,10/23/2023 18:38,Debit,Chicago,D000556,18.72.115.111,M090,Online,30,Doctor,246,1,5442.76
TX000142,AC00114,1049.92,10/23/2023 16:50,Debit,Detroit,D000522,121.67.144.20,M052,ATM,80,Retired,21,1,2037.85
TX000143,AC00163,227.14,7/3/2023 17:42,Debit,Charlotte,D000439,197.162.55.147,M057,ATM,18,Student,294,1,341.94
TX000144,AC00108,233.74,10/24/2023 16:41,Credit,Oklahoma City,D000600,96.115.67.230,M030,Online,66,Retired,17,1,1066.59
TX000145,AC00397,113.02,9/25/2023 16:54,Credit,Jacksonville,D000369,33.212.169.157,M019,Branch,69,Retired,166,1,6077.96
TX000146,AC00434,45.85,2/16/2023 17:57,Debit,Los Angeles,D000241,163.129.70.210,M085,ATM,20,Student,92,1,1659.15
TX000147,AC00385,973.39,8/30/2023 17:23,Debit,Sacramento,D000292,202.194.199.70,M026,Branch,77,Retired,296,1,2042.22
TX000148,AC00161,514.95,4/13/2023 18:37,Debit,New York,D000109,23.92.205.75,M056,Online,41,Doctor,142,5,421.93
TX000149,AC00333,415.5,7/28/2023 16:29,Debit,Memphis,D000330,140.212.253.222,M077,ATM,66,Doctor,141,1,10113.66
TX000150,AC00279,265.76,2/6/2023 17:48,Debit,Philadelphia,D000158,3.157.63.220,M049,Online,54,Retired,92,1,4446.17
TX000151,AC00072,69.4,7/24/2023 18:08,Debit,Virginia Beach,D000413,216.151.64.40,M073,Online,80,Retired,113,1,6452.77
TX000152,AC00242,332.93,11/20/2023 16:29,Credit,Albuquerque,D000548,113.115.81.178,M039,Branch,35,Engineer,293,1,2788.2
TX000153,AC00303,267.9,10/9/2023 16:52,Debit,San Antonio,D000605,216.32.4.105,M078,Online,20,Student,160,1,596.16
TX000154,AC00442,496.03,11/3/2023 16:45,Debit,San Francisco,D000070,210.160.90.52,M009,Branch,61,Doctor,265,1,12904.66
TX000155,AC00087,376.26,2/15/2023 16:41,Debit,Tucson,D000481,82.88.241.226,M081,ATM,37,Engineer,245,1,9062.4
TX000156,AC00174,83.02,9/4/2023 17:59,Credit,Seattle,D000226,34.92.221.183,M058,Online,36,Engineer,171,1,9009.56
TX000157,AC00421,93.26,7/27/2023 16:22,Credit,New York,D000436,182.225.2.156,M092,Online,20,Student,72,1,1152.2
TX000158,AC00111,803.37,4/17/2023 16:08,Credit,Memphis,D000108,191.91.45.159,M030,Branch,68,Doctor,129,1,12168.37
TX000159,AC00275,35.76,9/19/2023 17:38,Debit,Charlotte,D000678,111.78.64.133,M057,Branch,23,Student,122,1,611.86
TX000160,AC00492,28.53,5/31/2023 16:37,Debit,Washington,D000310,215.97.143.157,M035,Online,62,Doctor,99,1,8670.53
TX000161,AC00380,139.53,10/9/2023 17:20,Credit,Louisville,D000491,167.104.180.235,M002,Online,53,Doctor,177,1,10098.86
TX000162,AC00227,307.57,1/9/2023 16:12,Debit,Detroit,D000076,128.16.32.183,M049,Branch,33,Doctor,285,1,5307.74
TX000163,AC00257,60.65,5/26/2023 18:15,Credit,Tucson,D000456,10.144.131.89,M085,Branch,56,Retired,53,1,1047.28
TX000164,AC00062,74.86,8/14/2023 17:43,Debit,Nashville,D000115,161.168.126.136,M028,Branch,70,Doctor,125,1,6921.48
TX000165,AC00383,117.97,11/24/2023 18:51,Debit,Kansas City,D000281,198.39.35.23,M100,Branch,51,Retired,137,1,1475.46
TX000166,AC00182,231.91,1/31/2023 18:31,Debit,Memphis,D000371,161.71.2.223,M044,ATM,34,Engineer,165,1,112.76
TX000167,AC00478,126.21,2/14/2023 16:07,Debit,Baltimore,D000001,141.121.30.32,M001,Branch,75,Retired,268,1,5669.66
TX000168,AC00332,506.28,5/2/2023 17:03,Credit,Chicago,D000606,110.150.1.201,M010,Online,53,Retired,162,2,1309.95
TX000169,AC00202,304.35,12/4/2023 17:07,Debit,Houston,D000281,183.39.94.209,M007,Branch,31,Engineer,36,1,4057.1
TX000170,AC00331,281.85,5/16/2023 17:26,Debit,Detroit,D000148,219.193.239.152,M013,ATM,22,Student,109,1,1585.98
TX000171,AC00474,777.88,3/20/2023 16:58,Debit,Houston,D000436,139.23.212.102,M018,Branch,31,Engineer,17,1,6825.55
TX000172,AC00268,119.18,8/25/2023 18:01,Debit,Los Angeles,D000309,7.105.184.86,M093,Branch,56,Retired,96,1,5516.5
TX000173,AC00247,177.19,5/15/2023 17:25,Debit,Chicago,D000666,130.92.201.49,M088,Online,76,Retired,43,1,5343.3
TX000174,AC00298,260.88,5/29/2023 16:50,Debit,Denver,D000327,184.59.28.72,M094,Branch,22,Student,36,1,903.05
TX000175,AC00106,169.47,3/22/2023 16:10,Debit,Chicago,D000061,120.170.93.69,M046,Online,24,Student,19,1,1806.16
TX000176,AC00035,73.23,5/19/2023 16:52,Debit,Portland,D000059,155.37.19.43,M022,Branch,26,Student,14,1,787.74
TX000177,AC00363,1362.55,2/10/2023 18:07,Debit,El Paso,D000213,93.52.44.101,M001,ATM,29,Engineer,106,1,2429.68
TX000178,AC00273,792.57,5/22/2023 16:22,Debit,Baltimore,D000424,110.235.207.187,M059,ATM,19,Student,164,1,770.37
TX000179,AC00156,237.06,12/18/2023 16:47,Debit,Phoenix,D000455,61.95.76.233,M049,Online,71,Retired,46,1,1182.77
TX000180,AC00010,34.17,11/21/2023 16:57,Credit,Philadelphia,D000036,177.116.108.246,M091,Online,54,Engineer,54,1,726.55
TX000181,AC00036,740.25,7/19/2023 17:03,Debit,Philadelphia,D000030,1.198.76.182,M010,Online,41,Doctor,123,1,14464.3
TX000182,AC00149,453.54,4/19/2023 16:36,Debit,Albuquerque,D000150,223.32.70.156,M017,ATM,58,Doctor,82,1,12046.3
TX000183,AC00225,300.47,11/13/2023 16:11,Debit,Jacksonville,D000272,156.173.170.140,M065,Branch,73,Retired,100,1,7885.64
TX000184,AC00077,110.93,4/7/2023 16:38,Credit,Virginia Beach,D000142,101.223.82.253,M036,Branch,19,Student,201,1,1952.35
TX000185,AC00440,201.69,1/3/2023 16:46,Debit,Las Vegas,D000626,193.108.17.115,M019,ATM,59,Doctor,299,1,7328.52
TX000186,AC00321,399.21,1/30/2023 16:15,Debit,Portland,D000301,30.229.179.194,M062,ATM,59,Engineer,109,1,3210.39
TX000187,AC00099,1041.88,9/6/2023 16:44,Debit,Jacksonville,D000208,32.240.176.64,M032,Online,78,Retired,57,1,5726.2
TX000188,AC00258,630.36,3/2/2023 16:11,Debit,Mesa,D000091,200.22.195.243,M084,ATM,62,Retired,52,1,1363.65
TX000189,AC00132,10.94,10/23/2023 17:24,Credit,Philadelphia,D000503,10.191.172.154,M083,ATM,60,Engineer,245,1,1241.99
TX000190,AC00113,215.9,1/4/2023 16:02,Debit,Los Angeles,D000414,147.119.62.178,M083,ATM,38,Doctor,235,1,7873.28
TX000191,AC00396,1422.55,7/10/2023 17:49,Debit,Washington,D000569,188.124.181.12,M072,Branch,79,Retired,165,1,5674.32
TX000192,AC00099,226.37,9/18/2023 17:07,Credit,Louisville,D000631,206.62.122.93,M041,Branch,49,Doctor,141,1,9840.04
TX000193,AC00265,444.89,9/11/2023 16:27,Credit,Las Vegas,D000173,42.61.10.112,M060,Branch,43,Doctor,101,1,10328.23
TX000194,AC00047,280.57,1/27/2023 17:35,Credit,Virginia Beach,D000538,170.225.23.251,M017,Online,25,Student,24,1,293.24
TX000195,AC00005,488.54,7/3/2023 17:47,Debit,Jacksonville,D000466,198.24.183.157,M036,Branch,52,Engineer,132,1,7486.63
TX000196,AC00363,3.3,3/27/2023 16:42,Credit,Los Angeles,D000215,116.44.12.250,M085,Branch,50,Doctor,131,1,11385.37
TX000197,AC00426,199.39,8/21/2023 16:16,Debit,Colorado Springs,D000304,194.88.79.54,M023,Branch,69,Retired,165,1,7264.79
TX000198,AC00107,20.36,7/24/2023 17:02,Debit,Tucson,D000082,96.115.67.230,M069,Branch,62,Retired,75,1,2762.48
TX000199,AC00237,113.64,10/24/2023 17:09,Debit,Detroit,D000022,31.127.129.152,M038,Online,62,Retired,32,1,6675.03
TX000200,AC00358,493.11,7/31/2023 16:25,Debit,Colorado Springs,D000232,35.220.238.127,M022,Branch,53,Retired,236,1,7432.99
TX000201,AC00113,307.41,6/12/2023 17:32,Debit,Los Angeles,D000014,1.7.29.72,M007,ATM,19,Student,14,1,1057.0
TX000202,AC00010,11.18,11/30/2023 16:52,Debit,Atlanta,D000129,16.51.235.240,M017,Online,43,Doctor,161,1,5956.89
TX000203,AC00499,313.82,11/15/2023 18:57,Debit,Tucson,D000357,179.43.245.131,M097,Branch,59,Engineer,151,1,7261.59
TX000204,AC00380,51.0,1/30/2023 16:00,Debit,Seattle,D000199,193.217.248.188,M063,Branch,64,Retired,107,1,4943.16
TX000205,AC00452,140.98,5/25/2023 16:34,Debit,Memphis,D000374,192.95.36.246,M059,Branch,60,Engineer,100,1,8127.48
TX000206,AC00020,288.04,8/24/2023 16:47,Debit,Denver,D000582,205.69.66.135,M092,ATM,68,Retired,63,1,1748.02
TX000207,AC00181,800.55,5/4/2023 16:21,Debit,Oklahoma City,D000657,8.244.162.185,M062,ATM,31,Engineer,108,1,9660.22
TX000208,AC00370,485.54,2/6/2023 17:46,Debit,Houston,D000589,140.212.253.222,M061,ATM,46,Engineer,143,1,6371.51
TX000209,AC00453,521.15,2/17/2023 18:16,Debit,Kansas City,D000108,166.7.230.111,M084,ATM,54,Doctor,214,1,9442.47
TX000210,AC00339,321.79,8/7/2023 17:30,Credit,Raleigh,D000537,86.103.2.29,M056,ATM,63,Retired,61,1,5959.2
TX000211,AC00249,304.93,2/24/2023 16:23,Debit,Portland,D000700,21.190.11.223,M098,ATM,65,Doctor,158,1,13531.22
TX000212,AC00479,432.08,7/31/2023 16:04,Debit,El Paso,D000073,40.192.99.27,M044,ATM,40,Doctor,145,1,11500.62
TX000213,AC00301,694.2,12/7/2023 16:20,Debit,Milwaukee,D000007,27.143.109.203,M035,ATM,61,Retired,72,1,1389.37
TX000214,AC00380,116.86,3/20/2023 18:28,Debit,Louisville,D000531,184.146.10.88,M088,ATM,55,Engineer,171,1,6706.56
TX000215,AC00130,386.81,3/3/2023 18:02,Credit,Detroit,D000248,34.169.232.37,M039,Online,57,Doctor,149,1,7175.29
TX000216,AC00006,74.88,5/24/2023 16:25,Debit,Atlanta,D000139,161.161.26.115,M026,ATM,25,Student,202,1,420.67
TX000217,AC00096,195.76,5/22/2023 16:17,Debit,Philadelphia,D000517,119.163.214.161,M056,Branch,75,Retired,99,1,7323.53
TX000218,AC00108,134.7,8/21/2023 16:03,Debit,Fort Worth,D000637,155.19.119.0,M074,ATM,50,Doctor,106,1,8395.85
TX000219,AC00070,890.24,7/7/2023 18:03,Credit,Las Vegas,D000223,28.149.72.129,M029,Online,33,Engineer,161,1,5140.93
TX000220,AC00417,361.27,1/6/2023 17:01,Debit,Omaha,D000676,78.100.105.143,M088,ATM,63,Doctor,180,1,7945.57
TX000221,AC00391,131.56,10/19/2023 16:42,Debit,Charlotte,D000203,27.215.118.94,M014,Branch,44,Doctor,42,1,5873.54
TX000222,AC00414,485.51,11/28/2023 16:49,Credit,Milwaukee,D000460,91.204.200.167,M097,Online,76,Retired,37,1,3074.45
TX000223,AC00004,547.87,7/10/2023 17:15,Debit,Columbus,D000183,188.205.152.176,M064,ATM,64,Retired,131,1,6155.76
TX000224,AC00047,457.3,6/26/2023 18:25,Debit,Virginia Beach,D000214,62.27.235.199,M042,Online,28,Engineer,15,1,8318.29
TX000225,AC00198,506.24,1/13/2023 16:44,Debit,Chicago,D000315,136.104.90.223,M077,ATM,58,Engineer,64,1,230.09
TX000226,AC00314,486.59,12/19/2023 16:55,Debit,Indianapolis,D000029,129.102.184.189,M017,Branch,57,Retired,119,1,2513.56
TX000227,AC00212,163.68,9/28/2023 16:20,Debit,San Diego,D000440,35.67.21.23,M087,Branch,41,Doctor,292,1,10090.05
TX000228,AC00115,581.65,1/9/2023 16:54,Debit,Boston,D000666,80.92.209.207,M009,ATM,22,Student,176,1,480.19
TX000229,AC00055,52.01,11/7/2023 16:46,Debit,Mesa,D000652,178.34.103.183,M019,ATM,48,Doctor,85,1,1120.88
TX000230,AC00427,630.24,11/29/2023 18:10,Debit,Boston,D000548,12.246.170.239,M054,ATM,21,Student,62,1,370.81
TX000231,AC00401,523.74,11/2/2023 16:36,Debit,Oklahoma City,D000551,216.151.64.40,M099,ATM,43,Doctor,159,1,13498.55
TX000232,AC00430,705.6,2/20/2023 18:41,Debit,Phoenix,D000103,205.45.234.42,M071,Branch,40,Doctor,124,3,14804.7
TX000233,AC00299,217.5,10/23/2023 18:54,Credit,Denver,D000485,101.90.40.193,M043,Branch,46,Engineer,35,1,3057.4
TX000234,AC00345,91.48,1/23/2023 16:50,Debit,Fort Worth,D000295,160.74.183.38,M081,ATM,51,Doctor,141,1,14942.78
TX000235,AC00430,5.25,11/13/2023 18:26,Debit,San Jose,D000571,93.170.203.44,M010,ATM,39,Doctor,49,1,14143.32
TX000236,AC00175,54.03,9/19/2023 17:16,Credit,Milwaukee,D000519,161.25.82.11,M087,ATM,56,Retired,161,1,6736.3
TX000237,AC00177,736.73,11/27/2023 16:05,Debit,Memphis,D000167,107.247.202.71,M037,Branch,48,Engineer,10,1,3313.07
TX000238,AC00225,368.91,3/10/2023 17:49,Debit,Virginia Beach,D000221,218.238.171.184,M082,Branch,54,Doctor,14,1,829.71
TX000239,AC00394,33.06,1/17/2023 16:03,Credit,Fort Worth,D000417,63.67.150.226,M045,Online,53,Retired,170,1,1540.87
TX000240,AC00026,66.5,5/4/2023 16:44,Credit,Louisville,D000419,13.88.251.53,M098,Online,32,Engineer,144,1,6820.23
TX000241,AC00076,177.08,1/6/2023 17:16,Debit,Las Vegas,D000450,176.96.83.253,M014,Online,35,Doctor,85,1,13475.14
TX000242,AC00215,588.54,2/6/2023 17:57,Debit,Portland,D000609,211.97.88.141,M031,Branch,32,Engineer,130,1,714.45
TX000243,AC00202,173.5,10/23/2023 17:16,Debit,Nashville,D000235,32.13.122.242,M052,ATM,21,Student,282,1,1306.91
TX000244,AC00400,78.33,7/31/2023 16:13,Credit,Memphis,D000191,85.240.254.83,M069,Online,56,Engineer,189,1,7255.33
TX000245,AC00004,40.66,1/1/2024 16:08,Debit,Louisville,D000214,148.25.159.90,M061,Branch,59,Retired,156,1,1153.84
TX000246,AC00260,97.22,2/20/2023 17:30,Credit,Atlanta,D000507,188.205.152.176,M063,Branch,77,Retired,55,1,6647.73
TX000247,AC00415,34.07,11/6/2023 17:22,Debit,Philadelphia,D000158,29.168.185.63,M080,Branch,22,Student,81,1,8709.77
TX000248,AC00337,492.06,10/19/2023 16:14,Debit,Fresno,D000411,60.166.231.236,M012,Online,23,Student,74,1,857.9
TX000249,AC00253,842.01,9/12/2023 16:43,Credit,Virginia Beach,D000209,62.152.134.92,M015,Online,53,Doctor,185,1,509.45
TX000250,AC00126,73.55,1/9/2023 16:09,Debit,Atlanta,D000210,196.121.240.10,M086,ATM,51,Engineer,158,1,2812.06
TX000251,AC00304,760.53,9/4/2023 18:13,Debit,Phoenix,D000651,177.116.108.246,M005,Online,57,Engineer,118,1,6179.91
TX000252,AC00470,273.08,1/30/2023 16:09,Credit,Houston,D000534,150.231.20.169,M007,Branch,26,Engineer,134,1,6609.3
TX000253,AC00041,371.69,12/22/2023 16:27,Debit,San Francisco,D000374,124.180.225.109,M020,Branch,67,Retired,143,1,3484.32
TX000254,AC00442,218.96,8/30/2023 16:11,Debit,Seattle,D000556,52.196.112.199,M021,ATM,18,Student,13,1,754.21
TX000255,AC00430,227.39,12/25/2023 16:58,Debit,Atlanta,D000207,96.115.67.230,M010,Online,18,Student,65,1,751.09
TX000256,AC00258,237.99,5/8/2023 16:45,Credit,Kansas City,D000563,168.55.35.243,M043,Branch,39,Doctor,86,1,8510.09
TX000257,AC00073,186.6,7/4/2023 16:27,Debit,Washington,D000149,52.1.78.30,M037,Online,58,Doctor,13,1,1508.72
TX000258,AC00430,341.15,2/13/2023 17:18,Debit,San Jose,D000453,6.44.165.160,M042,Online,18,Student,148,1,511.37
TX000259,AC00363,434.58,9/6/2023 16:28,Debit,Memphis,D000136,80.92.209.207,M091,ATM,59,Doctor,215,1,12648.32
TX000260,AC00307,312.88,5/26/2023 18:12,Credit,Portland,D000503,201.114.165.141,M040,Branch,54,Engineer,44,1,233.21
TX000261,AC00085,75.15,9/18/2023 17:31,Debit,Boston,D000014,135.29.211.116,M094,ATM,23,Student,154,1,1092.92
TX000262,AC00448,23.3,8/14/2023 18:13,Debit,Los Angeles,D000385,111.226.226.202,M061,ATM,59,Engineer,161,1,6711.15
TX000263,AC00194,47.38,2/8/2023 18:18,Credit,Seattle,D000388,150.231.20.169,M061,Online,25,Student,61,1,459.37
TX000264,AC00319,512.81,7/19/2023 16:57,Debit,Sacramento,D000611,82.75.200.117,M004,Branch,79,Retired,30,1,6994.34
TX000265,AC00366,488.15,7/31/2023 16:01,Debit,Louisville,D000257,81.102.230.41,M098,Branch,43,Engineer,168,1,7071.09
TX000266,AC00338,12.82,4/5/2023 18:37,Debit,Fort Worth,D000482,152.234.65.155,M055,ATM,44,Engineer,156,1,9045.19
TX000267,AC00178,66.9,4/17/2023 16:50,Credit,Charlotte,D000221,138.210.196.19,M021,Online,79,Retired,129,4,5238.71
TX000268,AC00424,535.91,7/7/2023 16:38,Debit,Las Vegas,D000583,104.80.232.55,M097,Online,43,Engineer,22,1,9642.12
TX000269,AC00147,270.72,7/3/2023 18:01,Credit,Washington,D000508,26.240.219.199,M094,Online,26,Engineer,53,1,6263.96
TX000270,AC00171,97.98,2/6/2023 16:09,Debit,Denver,D000470,211.42.9.0,M033,Branch,72,Retired,18,1,7460.33
TX000271,AC00023,196.08,8/25/2023 16:52,Debit,San Francisco,D000623,198.73.211.114,M088,Online,61,Retired,98,1,4233.82
TX000272,AC00263,251.18,6/1/2023 16:51,Debit,San Jose,D000056,134.222.122.238,M058,ATM,42,Engineer,246,1,8303.9
TX000273,AC00423,44.52,3/28/2023 18:30,Debit,El Paso,D000618,89.21.156.229,M081,Online,28,Student,205,1,314.28
TX000274,AC00455,178.87,5/23/2023 16:03,Debit,Baltimore,D000663,134.247.5.188,M001,Online,35,Doctor,180,1,5241.23
TX000275,AC00454,1176.28,12/20/2023 16:08,Credit,Kansas City,D000476,50.202.8.53,M074,ATM,54,Engineer,174,5,323.69
TX000276,AC00055,386.68,10/31/2023 16:48,Debit,New York,D000453,207.157.126.125,M019,Branch,46,Doctor,128,1,6863.06
TX000277,AC00403,167.14,4/24/2023 18:33,Debit,Denver,D000231,125.89.163.224,M049,Online,76,Retired,20,1,3877.73
TX000278,AC00220,345.22,9/5/2023 16:55,Debit,Fresno,D000217,164.75.163.220,M025,Branch,69,Retired,253,1,4046.58
TX000279,AC00009,74.85,12/25/2023 17:19,Debit,Raleigh,D000526,191.82.103.198,M091,ATM,72,Retired,117,1,2409.73
TX000280,AC00445,671.73,10/16/2023 16:15,Debit,Washington,D000641,112.56.160.202,M071,Branch,58,Engineer,54,1,5211.88
TX000281,AC00133,255.04,11/23/2023 16:15,Debit,Seattle,D000206,98.39.212.221,M084,ATM,45,Engineer,152,1,6217.86
TX000282,AC00362,45.77,2/9/2023 17:50,Debit,Philadelphia,D000484,85.239.236.80,M066,Online,25,Student,109,1,5978.12
TX000283,AC00026,329.69,1/9/2023 16:54,Credit,San Antonio,D000278,146.69.70.214,M088,Online,26,Student,66,1,1671.66
TX000284,AC00387,362.04,7/10/2023 16:37,Credit,Philadelphia,D000145,52.1.78.30,M059,Branch,58,Doctor,198,2,8421.88
TX000285,AC00451,11.92,10/9/2023 17:48,Debit,San Diego,D000678,192.95.36.246,M063,Branch,53,Doctor,52,1,14611.9
TX000286,AC00033,47.42,12/19/2023 16:46,Debit,San Diego,D000249,41.0.10.107,M012,ATM,64,Doctor,28,1,8253.52
TX000287,AC00087,35.99,1/19/2023 16:14,Debit,Miami,D000270,162.207.77.170,M023,Branch,63,Retired,129,1,4489.79
TX000288,AC00159,151.19,5/5/2023 16:04,Credit,New York,D000658,217.233.219.196,M061,Branch,37,Doctor,96,1,11903.82
TX000289,AC00177,242.62,7/10/2023 16:40,Credit,San Francisco,D000332,138.87.180.254,M094,Online,22,Student,234,1,483.02
TX000290,AC00093,48.72,9/29/2023 18:54,Debit,Virginia Beach,D000567,158.135.64.240,M063,Branch,21,Student,17,1,816.08
TX000291,AC00427,43.46,7/21/2023 17:02,Debit,Boston,D000263,21.190.11.223,M020,ATM,25,Student,80,1,578.06
TX000292,AC00284,1036.21,7/21/2023 18:54,Debit,Omaha,D000129,93.218.115.132,M067,Online,25,Student,126,1,477.3
TX000293,AC00189,443.79,10/9/2023 18:28,Debit,Las Vegas,D000407,198.39.35.23,M099,ATM,53,Retired,87,1,3133.85
TX000294,AC00495,365.14,12/1/2023 18:46,Debit,Dallas,D000640,173.232.121.213,M002,Online,68,Retired,57,1,5894.09
TX000295,AC00148,757.41,5/5/2023 16:31,Debit,Los Angeles,D000383,125.89.163.224,M048,ATM,22,Student,37,1,9532.42
TX000296,AC00272,20.54,8/21/2023 18:09,Debit,Fort Worth,D000348,171.101.134.74,M055,Branch,51,Engineer,72,1,5327.03
TX000297,AC00381,475.36,10/2/2023 16:03,Debit,Phoenix,D000540,132.127.5.187,M018,ATM,34,Engineer,105,1,2000.6
TX000298,AC00110,34.74,6/26/2023 16:40,Debit,San Francisco,D000320,82.88.241.226,M072,ATM,56,Retired,24,1,6827.57
TX000299,AC00495,689.54,3/6/2023 16:46,Debit,Oklahoma City,D000395,89.6.100.149,M038,Branch,27,Student,93,1,1633.76
TX000300,AC00035,211.18,10/16/2023 16:09,Debit,Washington,D000428,64.89.183.39,M059,ATM,73,Retired,90,1,4069.17
TX000301,AC00119,211.36,11/21/2023 16:23,Credit,Fort Worth,D000700,63.67.150.226,M041,Branch,51,Engineer,286,1,7943.47
TX000302,AC00488,744.41,7/31/2023 16:35,Credit,Houston,D000115,24.181.236.233,M095,Online,39,Engineer,107,1,8842.47
TX000303,AC00466,61.43,6/29/2023 16:16,Debit,Phoenix,D000084,14.200.197.126,M035,Online,24,Student,170,1,1882.77
TX000304,AC00489,167.44,9/25/2023 16:11,Debit,Mesa,D000483,166.7.230.111,M087,Branch,37,Doctor,82,1,12526.71
TX000305,AC00306,361.46,4/7/2023 17:23,Debit,Nashville,D000169,171.150.178.172,M093,Online,21,Student,83,1,4737.84
TX000306,AC00431,378.85,6/16/2023 17:21,Debit,Virginia Beach,D000043,192.95.36.246,M089,Branch,78,Retired,126,1,2300.53
TX000307,AC00233,241.11,6/16/2023 16:41,Debit,Columbus,D000443,195.164.171.146,M063,Branch,30,Doctor,55,1,12385.05
TX000308,AC00389,131.93,9/11/2023 17:31,Credit,Fort Worth,D000245,216.32.4.105,M049,Branch,31,Engineer,13,1,4547.06
TX000309,AC00067,20.28,7/19/2023 17:42,Debit,Oklahoma City,D000585,150.83.4.238,M047,Online,36,Engineer,213,1,2047.83
TX000310,AC00300,415.88,4/27/2023 17:30,Debit,San Diego,D000146,152.140.239.181,M005,Branch,70,Doctor,170,1,10008.33
TX000311,AC00386,49.99,2/9/2023 17:53,Debit,Omaha,D000668,155.140.33.42,M062,ATM,62,Retired,139,1,2299.64
TX000312,AC00285,1221.65,9/27/2023 16:55,Debit,Denver,D000098,83.207.115.164,M091,Online,27,Student,153,1,243.92
TX000313,AC00219,100.66,6/16/2023 18:58,Debit,Dallas,D000511,86.220.59.252,M024,Branch,50,Doctor,144,1,14473.33
TX000314,AC00445,485.54,12/8/2023 16:47,Debit,Louisville,D000343,121.67.144.20,M080,Online,19,Student,148,1,1533.32
TX000315,AC00371,321.15,2/10/2023 17:06,Debit,Los Angeles,D000151,200.164.13.160,M037,Branch,46,Doctor,179,1,7005.05
TX000316,AC00164,711.3,6/26/2023 18:57,Debit,San Jose,D000581,109.42.41.157,M076,Branch,21,Student,51,1,955.4
TX000317,AC00200,12.23,10/12/2023 16:02,Debit,Houston,D000177,23.92.205.75,M065,ATM,42,Engineer,139,1,7844.88
TX000318,AC00310,350.94,10/30/2023 17:17,Debit,Colorado Springs,D000154,100.137.90.188,M013,ATM,20,Student,64,1,221.56
TX000319,AC00106,301.85,4/18/2023 17:43,Debit,Columbus,D000433,55.154.161.250,M062,Online,54,Engineer,25,1,6586.19
TX000320,AC00444,29.34,3/9/2023 17:37,Debit,Louisville,D000029,40.198.240.246,M087,Online,65,Retired,30,1,3944.82
TX000321,AC00441,231.71,4/24/2023 17:01,Debit,Raleigh,D000315,26.105.49.129,M060,Branch,27,Student,148,1,1127.98
TX000322,AC00300,179.43,8/11/2023 18:20,Debit,Oklahoma City,D000421,189.198.67.252,M004,ATM,58,Retired,244,1,2626.63
TX000323,AC00194,36.71,1/30/2023 17:11,Debit,Jacksonville,D000671,166.7.230.111,M095,Branch,48,Doctor,55,1,6459.38
TX000324,AC00248,138.12,4/11/2023 17:18,Credit,Los Angeles,D000182,45.182.28.148,M067,Branch,53,Doctor,281,1,1649.69
TX000325,AC00286,233.24,4/17/2023 16:56,Debit,Louisville,D000351,45.241.13.208,M070,ATM,33,Engineer,72,1,6939.23
TX000326,AC00049,609.14,11/23/2023 16:09,Debit,Tucson,D000224,201.113.165.203,M086,ATM,39,Engineer,177,1,9033.87
TX000327,AC00471,436.64,12/25/2023 17:46,Debit,Los Angeles,D000683,38.210.156.148,M033,Branch,31,Doctor,111,1,14365.18
TX000328,AC00434,870.43,5/31/2023 16:54,Debit,Los Angeles,D000427,178.34.103.183,M037,Branch,29,Doctor,55,1,10115.18
TX000329,AC00264,354.4,11/6/2023 17:23,Debit,Chicago,D000416,87.234.36.48,M046,ATM,74,Retired,128,1,7358.65
TX000330,AC00316,22.63,2/20/2023 17:28,Debit,Kansas City,D000488,165.114.224.47,M052,Online,53,Engineer,112,1,4438.03
TX000331,AC00087,182.19,6/19/2023 16:36,Debit,Mesa,D000101,157.130.28.27,M007,Branch,26,Student,53,1,1176.1
TX000332,AC00140,126.81,10/30/2023 16:58,Debit,Philadelphia,D000693,57.232.212.116,M036,Branch,26,Engineer,290,1,5427.98
TX000333,AC00418,288.17,9/8/2023 16:48,Debit,Virginia Beach,D000399,143.212.47.226,M012,Online,37,Engineer,50,1,3653.11
TX000334,AC00187,118.77,10/2/2023 17:44,Debit,Atlanta,D000310,104.80.232.55,M066,Branch,55,Engineer,123,1,2104.82
TX000335,AC00077,651.82,4/14/2023 17:59,Debit,Indianapolis,D000280,138.181.222.38,M094,ATM,21,Student,166,1,1802.77
TX000336,AC00141,66.65,10/17/2023 16:58,Debit,Detroit,D000398,120.170.93.69,M100,ATM,37,Engineer,33,1,3559.96
TX000337,AC00332,98.53,1/16/2023 16:31,Debit,Denver,D000684,119.163.214.161,M085,Branch,69,Retired,166,1,3564.8
TX000338,AC00439,138.95,6/2/2023 16:48,Debit,Washington,D000675,104.155.121.252,M090,Online,71,Retired,30,1,6752.92
TX000339,AC00055,33.89,11/10/2023 16:10,Debit,Nashville,D000588,14.105.144.122,M079,Branch,26,Student,177,1,1444.75
TX000340,AC00299,23.71,9/18/2023 16:04,Debit,Atlanta,D000284,2.61.10.58,M005,Branch,58,Doctor,164,1,10788.89
TX000341,AC00107,1830.0,3/1/2023 16:31,Debit,San Antonio,D000436,62.27.235.199,M082,Online,55,Engineer,238,1,2235.7
TX000342,AC00171,26.06,12/21/2023 17:01,Debit,San Diego,D000689,140.212.253.222,M096,ATM,65,Doctor,283,1,12893.63
TX000343,AC00493,17.07,5/1/2023 17:17,Debit,Los Angeles,D000597,47.82.77.181,M023,Branch,27,Engineer,44,1,2798.15
TX000344,AC00232,703.89,9/22/2023 16:42,Debit,San Antonio,D000473,48.19.99.211,M074,Online,46,Engineer,62,1,3583.67
TX000345,AC00156,1271.9,8/28/2023 16:43,Debit,Houston,D000312,210.136.14.108,M073,ATM,47,Engineer,155,1,2120.8
TX000346,AC00442,26.55,9/20/2023 17:25,Debit,Houston,D000112,91.204.200.167,M099,ATM,77,Retired,228,1,3085.38
TX000347,AC00375,147.4,6/9/2023 16:10,Debit,San Jose,D000283,92.214.76.157,M067,Branch,42,Engineer,259,1,6797.71
TX000348,AC00034,202.11,3/30/2023 16:09,Debit,Memphis,D000072,59.208.79.116,M005,ATM,27,Student,18,1,746.47
TX000349,AC00376,308.42,5/2/2023 16:14,Debit,Nashville,D000276,76.0.164.168,M077,Branch,75,Retired,39,1,5427.81
TX000350,AC00029,11.18,2/27/2023 16:39,Debit,Miami,D000609,176.96.83.253,M035,ATM,53,Engineer,144,1,7467.3
TX000351,AC00040,294.15,2/2/2023 16:19,Debit,Fresno,D000504,112.86.148.212,M020,Online,38,Engineer,136,1,6362.16
TX000352,AC00482,29.58,10/30/2023 17:54,Debit,Colorado Springs,D000230,173.252.44.183,M066,Branch,54,Engineer,121,1,8345.26
TX000353,AC00365,139.45,7/10/2023 16:43,Debit,Boston,D000139,77.7.223.184,M004,Online,27,Student,31,1,1305.76
TX000354,AC00340,432.63,6/30/2023 17:10,Debit,Colorado Springs,D000469,116.237.223.50,M024,ATM,29,Doctor,137,1,13648.36
TX000355,AC00349,131.43,2/1/2023 18:47,Debit,Charlotte,D000391,77.7.223.184,M053,Online,43,Doctor,65,1,1337.5
TX000356,AC00374,516.72,10/9/2023 18:43,Debit,Mesa,D000489,197.187.216.106,M025,ATM,42,Engineer,128,1,2015.69
TX000357,AC00261,121.82,2/7/2023 17:20,Debit,Colorado Springs,D000095,186.54.68.246,M094,Online,69,Doctor,123,3,8354.54
TX000358,AC00459,374.5,7/24/2023 16:45,Credit,San Francisco,D000045,9.230.41.239,M002,Branch,26,Student,178,1,1671.51
TX000359,AC00331,166.13,9/6/2023 17:01,Debit,Omaha,D000473,29.168.185.63,M013,ATM,68,Doctor,227,1,11822.53
TX000360,AC00165,626.9,10/10/2023 16:42,Debit,Chicago,D000686,59.12.96.11,M017,ATM,23,Student,146,1,587.11
TX000361,AC00397,466.85,7/17/2023 16:57,Debit,Austin,D000016,136.104.90.223,M007,Branch,56,Retired,165,1,5422.53
TX000362,AC00192,788.84,5/17/2023 17:00,Debit,Phoenix,D000402,4.105.134.118,M055,Online,58,Retired,231,1,1913.73
TX000363,AC00063,873.65,3/23/2023 16:38,Credit,Oklahoma City,D000414,214.247.164.80,M050,Online,37,Doctor,59,1,12139.83
TX000364,AC00478,525.28,4/3/2023 16:37,Debit,Colorado Springs,D000564,70.130.169.235,M011,ATM,69,Retired,134,1,4693.6
TX000365,AC00272,110.17,9/7/2023 16:08,Debit,Raleigh,D000046,156.235.3.171,M054,ATM,30,Engineer,137,1,464.2
TX000366,AC00092,632.69,9/12/2023 16:28,Debit,Denver,D000455,211.97.88.141,M047,ATM,80,Retired,76,1,4363.74
TX000367,AC00332,124.35,12/8/2023 16:39,Debit,Oklahoma City,D000082,49.20.211.229,M015,ATM,72,Retired,90,1,3319.76
TX000368,AC00087,43.85,3/13/2023 16:25,Debit,Fresno,D000092,117.67.192.211,M013,ATM,62,Retired,122,1,4356.98
TX000369,AC00327,283.81,3/9/2023 16:31,Debit,San Diego,D000364,64.57.44.102,M046,Branch,28,Student,29,1,1519.35
TX000370,AC00269,168.53,6/14/2023 16:30,Debit,San Francisco,D000602,157.164.245.130,M100,ATM,71,Retired,112,1,5962.58
TX000371,AC00177,218.59,11/27/2023 16:43,Credit,Denver,D000004,72.192.101.196,M088,Branch,40,Engineer,123,1,6699.23
TX000372,AC00322,132.84,8/21/2023 16:28,Debit,Oklahoma City,D000244,147.114.91.132,M060,ATM,21,Student,143,1,822.73
TX000373,AC00069,157.37,11/15/2023 16:54,Credit,Dallas,D000001,66.23.166.248,M014,Branch,42,Doctor,289,1,13964.31
TX000374,AC00264,144.77,7/17/2023 16:48,Debit,Albuquerque,D000194,57.166.147.242,M007,Online,20,Student,159,1,867.32
TX000375,AC00014,643.22,5/3/2023 17:04,Debit,Atlanta,D000248,175.166.115.182,M073,ATM,64,Doctor,93,1,1035.86
TX000376,AC00316,1392.54,11/20/2023 16:51,Debit,El Paso,D000113,63.67.150.226,M013,Branch,41,Doctor,297,1,13347.69
TX000377,AC00131,208.07,7/10/2023 16:51,Debit,Oklahoma City,D000084,157.164.245.130,M100,Online,32,Doctor,36,1,8478.9
TX000378,AC00232,94.3,12/25/2023 17:53,Debit,Phoenix,D000446,198.39.35.23,M042,Branch,57,Doctor,57,1,11088.95
TX000379,AC00410,295.5,11/23/2023 18:00,Debit,Mesa,D000445,137.135.250.168,M095,ATM,59,Retired,36,1,6280.66
TX000380,AC00488,30.23,11/6/2023 17:53,Debit,Austin,D000406,134.247.5.188,M049,ATM,44,Doctor,99,1,481.13
TX000381,AC00329,112.05,10/26/2023 16:16,Credit,Phoenix,D000156,116.44.12.250,M078,ATM,26,Student,159,1,1122.88
TX000382,AC00021,180.24,7/3/2023 17:03,Debit,Phoenix,D000106,169.67.220.37,M098,Branch,58,Engineer,144,1,8431.23
TX000383,AC00188,13.71,5/30/2023 17:54,Credit,Denver,D000483,189.20.224.220,M084,Online,38,Engineer,148,1,8342.79
TX000384,AC00341,96.54,3/13/2023 17:26,Debit,New York,D000387,69.61.96.139,M020,Branch,58,Retired,95,1,7182.22
TX000385,AC00090,79.35,5/29/2023 17:02,Debit,Los Angeles,D000277,161.161.26.115,M051,Online,67,Retired,70,1,1692.15
TX000386,AC00456,101.04,7/10/2023 18:16,Debit,San Antonio,D000020,143.212.47.226,M067,ATM,27,Student,160,1,1695.57
TX000387,AC00322,74.42,11/23/2023 17:23,Debit,El Paso,D000273,76.136.92.235,M003,Online,49,Engineer,68,1,6264.21
TX000388,AC00135,39.66,5/18/2023 16:16,Debit,Virginia Beach,D000680,200.136.146.93,M045,Branch,52,Engineer,169,1,8497.34
TX000389,AC00279,99.36,5/9/2023 16:55,Debit,Seattle,D000019,93.151.52.152,M004,ATM,40,Doctor,46,1,1272.12
TX000390,AC00210,123.85,8/25/2023 18:47,Debit,Las Vegas,D000274,105.136.156.29,M047,Online,56,Engineer,244,1,3959.62
TX000391,AC00251,426.93,12/25/2023 17:05,Debit,Omaha,D000129,3.70.1.133,M054,ATM,19,Student,248,1,476.19
TX000392,AC00116,133.73,5/16/2023 16:21,Credit,San Jose,D000664,83.80.89.29,M001,Online,25,Student,123,1,1872.22
TX000393,AC00131,222.39,8/23/2023 16:32,Debit,Virginia Beach,D000008,180.224.54.115,M088,Online,49,Engineer,73,1,3117.39
TX000394,AC00265,215.94,6/5/2023 16:06,Credit,Virginia Beach,D000037,53.218.177.171,M021,Online,22,Student,140,1,1841.69
TX000395,AC00326,6.3,12/14/2023 18:52,Debit,Columbus,D000539,210.160.90.52,M017,Branch,80,Retired,283,5,7697.68
TX000396,AC00411,826.23,5/31/2023 16:25,Debit,Colorado Springs,D000056,153.178.166.93,M042,ATM,29,Doctor,209,1,7580.59
TX000397,AC00039,416.37,10/11/2023 16:14,Debit,Columbus,D000686,198.24.183.157,M015,Online,35,Engineer,67,1,7936.91
TX000398,AC00293,131.46,5/15/2023 16:37,Debit,Charlotte,D000287,146.69.70.214,M006,Branch,67,Retired,258,1,6642.33
TX000399,AC00306,202.86,5/22/2023 17:24,Credit,Memphis,D000589,93.169.212.219,M088,Branch,61,Doctor,149,1,7642.25
TX000400,AC00285,268.39,6/26/2023 18:25,Debit,Miami,D000015,65.164.3.100,M017,ATM,26,Student,171,1,136.74
TX000401,AC00145,194.85,9/12/2023 16:50,Debit,Jacksonville,D000601,148.234.210.167,M096,Online,23,Student,130,4,319.84
TX000402,AC00128,137.35,3/29/2023 18:12,Credit,Sacramento,D000051,37.213.85.222,M028,Online,40,Doctor,220,1,12662.66
TX000403,AC00292,712.75,5/26/2023 17:07,Debit,Philadelphia,D000573,57.166.147.242,M074,Branch,44,Doctor,25,1,8126.06
TX000404,AC00020,353.82,4/10/2023 17:57,Debit,Milwaukee,D000043,72.128.135.172,M035,ATM,42,Doctor,143,1,705.75
TX000405,AC00229,507.25,10/30/2023 17:21,Debit,Washington,D000672,112.196.12.19,M063,Branch,73,Retired,143,1,5331.57
TX000406,AC00053,212.74,12/14/2023 18:53,Debit,Seattle,D000110,220.179.173.114,M050,Branch,27,Engineer,128,1,7645.47
TX000407,AC00401,364.42,10/10/2023 17:07,Debit,Colorado Springs,D000469,120.32.147.210,M078,ATM,51,Engineer,146,1,8119.73
TX000408,AC00208,195.12,7/25/2023 17:42,Debit,Louisville,D000603,199.103.32.145,M043,ATM,46,Doctor,144,1,6101.15
TX000409,AC00177,230.61,9/4/2023 16:41,Debit,Raleigh,D000083,97.4.209.133,M076,Branch,80,Retired,204,1,2561.42
TX000410,AC00136,739.28,6/19/2023 16:46,Credit,Tucson,D000576,20.147.6.179,M026,Branch,58,Doctor,47,1,11905.64
TX000411,AC00029,390.35,9/26/2023 18:36,Credit,Omaha,D000274,101.223.82.253,M019,ATM,64,Doctor,61,1,7095.88
TX000412,AC00210,242.03,3/13/2023 16:08,Debit,Dallas,D000605,219.98.242.240,M014,Online,58,Engineer,124,1,4382.73
TX000413,AC00421,242.39,11/20/2023 16:29,Credit,San Antonio,D000451,26.105.49.129,M008,ATM,18,Student,271,1,1328.73
TX000414,AC00400,135.03,2/24/2023 17:00,Debit,San Francisco,D000029,74.58.165.67,M097,ATM,23,Student,180,1,1278.0
TX000415,AC00495,83.5,5/15/2023 18:47,Debit,Dallas,D000446,34.92.221.183,M100,Branch,61,Retired,91,5,1749.79
TX000416,AC00301,193.54,10/24/2023 16:43,Debit,Oklahoma City,D000150,196.244.194.198,M088,Branch,80,Retired,267,1,2929.51
TX000417,AC00434,617.36,11/21/2023 17:05,Debit,Kansas City,D000137,42.219.228.159,M035,Branch,29,Engineer,61,1,8926.38
TX000418,AC00274,775.23,8/7/2023 16:40,Credit,Albuquerque,D000220,112.222.0.29,M036,Online,59,Doctor,38,1,5977.59
TX000419,AC00365,266.57,9/26/2023 17:07,Debit,El Paso,D000223,91.204.200.167,M031,ATM,72,Retired,100,1,7676.92
TX000420,AC00480,153.4,3/31/2023 17:36,Debit,Mesa,D000599,162.58.247.55,M057,ATM,45,Engineer,144,1,4657.7
TX000421,AC00318,946.94,12/11/2023 17:19,Debit,Charlotte,D000019,30.92.249.132,M018,Branch,53,Retired,251,1,5579.11
TX000422,AC00235,5.12,10/13/2023 16:08,Debit,New York,D000660,188.205.152.176,M002,Branch,34,Engineer,90,1,3293.01
TX000423,AC00333,119.11,6/30/2023 16:31,Debit,Detroit,D000078,200.13.225.150,M070,ATM,57,Engineer,131,1,7998.25
TX000424,AC00262,1096.7,3/27/2023 16:51,Debit,Colorado Springs,D000234,167.164.55.0,M005,Online,24,Student,147,1,1093.89
TX000425,AC00267,119.72,2/3/2023 18:15,Debit,Tucson,D000445,147.227.81.224,M011,Branch,30,Engineer,123,1,3435.34
TX000426,AC00490,107.4,6/22/2023 16:47,Debit,Virginia Beach,D000271,146.69.70.214,M079,Online,58,Doctor,32,1,344.07
TX000427,AC00229,115.92,1/17/2023 18:42,Debit,Raleigh,D000386,204.34.243.93,M033,ATM,53,Retired,57,1,3897.17
TX000428,AC00196,438.04,8/24/2023 18:54,Debit,Philadelphia,D000694,80.92.209.207,M025,ATM,67,Retired,247,1,5358.95
TX000429,AC00182,677.29,5/1/2023 18:28,Debit,Houston,D000016,49.172.82.247,M015,Online,27,Engineer,287,1,627.79
TX000430,AC00357,296.0,5/15/2023 16:25,Debit,Las Vegas,D000623,32.71.250.58,M085,Branch,35,Doctor,248,1,7418.82
TX000431,AC00443,299.09,1/16/2023 16:14,Credit,Boston,D000540,113.115.81.178,M034,Branch,36,Engineer,84,1,5615.26
TX000432,AC00499,461.52,5/15/2023 16:40,Credit,Denver,D000670,59.127.135.25,M068,Branch,24,Student,44,1,1995.18
TX000433,AC00285,100.52,1/30/2023 17:28,Debit,Las Vegas,D000140,113.115.81.178,M038,ATM,50,Engineer,110,1,453.39
TX000434,AC00475,85.35,7/5/2023 16:08,Debit,Washington,D000514,100.4.40.132,M074,ATM,66,Retired,166,1,2173.76
TX000435,AC00217,79.76,2/6/2023 16:26,Debit,Raleigh,D000268,157.130.28.27,M055,Branch,39,Engineer,170,1,6452.14
TX000436,AC00452,778.49,7/3/2023 16:48,Credit,Omaha,D000102,161.71.2.223,M054,Online,75,Retired,107,1,7713.67
TX000437,AC00357,386.38,1/24/2023 16:00,Debit,Phoenix,D000461,203.197.235.35,M058,Online,42,Engineer,135,1,5528.36
TX000438,AC00080,165.25,11/24/2023 17:11,Debit,Sacramento,D000124,70.130.169.235,M025,Online,35,Doctor,106,1,9939.94
TX000439,AC00493,14.29,2/28/2023 16:28,Debit,Los Angeles,D000317,90.111.245.138,M070,ATM,34,Engineer,150,1,7016.99
TX000440,AC00420,232.79,9/20/2023 17:36,Credit,Indianapolis,D000160,6.234.101.35,M019,Branch,55,Retired,145,1,2661.3
TX000441,AC00040,1237.56,11/13/2023 17:49,Credit,Austin,D000077,219.96.187.255,M060,Branch,60,Engineer,159,1,9410.17
TX000442,AC00351,92.29,2/15/2023 16:17,Debit,Albuquerque,D000264,210.136.14.108,M015,Branch,54,Engineer,115,1,2026.32
TX000443,AC00070,293.97,11/13/2023 17:34,Debit,Phoenix,D000444,56.89.80.133,M047,Branch,68,Retired,153,1,7371.85
TX000444,AC00273,136.32,10/11/2023 18:50,Debit,Miami,D000548,217.233.219.196,M060,Online,19,Student,113,1,264.83
TX000445,AC00280,251.06,12/6/2023 17:27,Debit,Colorado Springs,D000593,195.237.152.198,M003,Online,36,Doctor,34,1,10001.66
TX000446,AC00480,50.17,9/18/2023 16:57,Credit,Sacramento,D000549,25.188.196.47,M039,ATM,77,Retired,35,1,7752.14
TX000447,AC00122,21.4,12/26/2023 16:07,Debit,Fresno,D000537,198.166.198.233,M027,Branch,34,Engineer,258,1,9594.11
TX000448,AC00072,73.28,3/10/2023 17:33,Debit,Boston,D000137,206.84.69.39,M096,Branch,21,Student,21,1,1329.41
TX000449,AC00093,70.23,9/13/2023 16:18,Debit,Memphis,D000293,146.47.189.38,M066,ATM,38,Doctor,260,1,11624.93
TX000450,AC00407,689.29,1/6/2023 17:30,Debit,El Paso,D000286,166.41.54.117,M034,ATM,22,Student,100,1,168.84
TX000451,AC00495,745.03,8/3/2023 17:42,Debit,Fort Worth,D000031,30.92.249.132,M075,Online,28,Student,231,1,160.57
TX000452,AC00119,54.61,12/4/2023 16:10,Debit,Milwaukee,D000079,39.163.103.27,M043,ATM,58,Engineer,160,1,7135.64
TX000453,AC00271,54.05,4/25/2023 16:53,Debit,Louisville,D000373,167.104.180.235,M008,Branch,27,Student,146,1,469.14
TX000454,AC00235,107.47,4/12/2023 17:39,Debit,Austin,D000606,59.208.79.116,M037,Online,67,Retired,144,1,7517.5
TX000455,AC00264,611.11,10/18/2023 18:32,Debit,Detroit,D000215,141.201.46.191,M045,ATM,20,Student,282,4,919.84
TX000456,AC00307,219.63,11/10/2023 16:06,Debit,Charlotte,D000220,146.47.189.38,M002,ATM,48,Doctor,44,1,8013.63
TX000457,AC00434,188.7,2/10/2023 16:01,Debit,New York,D000501,55.139.104.163,M099,Branch,54,Retired,123,1,5077.06
TX000458,AC00290,93.52,8/14/2023 17:41,Debit,Philadelphia,D000430,190.251.45.32,M011,Online,51,Engineer,97,1,2791.2
TX000459,AC00021,275.92,9/18/2023 18:47,Credit,Nashville,D000315,112.196.12.19,M042,Branch,62,Retired,107,1,1777.38
TX000460,AC00499,376.79,1/30/2023 17:47,Debit,Milwaukee,D000242,143.212.47.226,M039,Branch,68,Retired,265,1,7749.14
TX000461,AC00148,8.98,8/21/2023 16:07,Debit,Detroit,D000229,188.225.207.71,M063,Online,66,Retired,56,1,4516.76
TX000462,AC00200,697.32,5/11/2023 16:30,Debit,Atlanta,D000277,163.58.140.206,M080,Online,68,Retired,91,1,2016.02
TX000463,AC00074,17.45,9/13/2023 16:41,Debit,Omaha,D000630,28.149.72.129,M059,ATM,18,Student,88,1,1959.52
TX000464,AC00417,302.16,10/18/2023 17:47,Debit,Kansas City,D000123,84.237.126.96,M014,Online,80,Retired,138,5,3876.61
TX000465,AC00182,442.74,10/16/2023 17:47,Debit,San Diego,D000563,141.241.241.128,M019,Branch,23,Student,136,1,1790.27
TX000466,AC00177,623.9,8/8/2023 17:44,Debit,San Jose,D000162,206.84.69.39,M005,ATM,27,Student,249,1,711.47
TX000467,AC00063,445.41,11/20/2023 16:27,Debit,Fresno,D000039,185.23.87.107,M015,ATM,35,Doctor,235,3,12154.66
TX000468,AC00300,63.41,11/24/2023 17:29,Debit,Fort Worth,D000116,141.241.241.128,M035,ATM,26,Student,36,1,1546.22
TX000469,AC00218,346.85,11/3/2023 18:33,Debit,Kansas City,D000128,13.149.61.4,M025,ATM,44,Doctor,88,1,7208.15
TX000470,AC00036,71.95,2/13/2023 16:39,Credit,Omaha,D000410,162.58.247.55,M100,Online,59,Engineer,53,1,9267.32
TX000471,AC00371,7.5,2/17/2023 16:08,Debit,Dallas,D000181,203.197.235.35,M054,Online,63,Retired,36,1,6485.78
TX000472,AC00398,206.46,11/27/2023 18:26,Debit,Virginia Beach,D000620,110.150.1.201,M013,ATM,65,Retired,279,1,3984.38
TX000473,AC00213,423.11,7/25/2023 18:41,Debit,Columbus,D000113,64.57.44.102,M055,ATM,60,Engineer,47,1,412.78
TX000474,AC00464,35.84,3/28/2023 17:23,Credit,Colorado Springs,D000422,35.73.67.98,M013,Online,54,Retired,172,1,4795.65
TX000475,AC00219,88.6,2/14/2023 17:01,Credit,Raleigh,D000403,170.54.231.239,M054,Branch,28,Student,105,1,246.57
TX000476,AC00464,1431.3,9/4/2023 18:46,Debit,Oklahoma City,D000563,7.105.184.86,M082,ATM,18,Student,168,1,1058.13
TX000477,AC00442,53.81,10/16/2023 16:55,Credit,Raleigh,D000663,34.86.220.205,M079,ATM,55,Engineer,37,2,2564.62
TX000478,AC00054,22.46,5/17/2023 16:03,Debit,New York,D000602,147.119.62.178,M087,Online,54,Retired,78,1,6631.5
TX000479,AC00392,334.89,7/20/2023 18:23,Debit,Fort Worth,D000697,32.13.122.242,M040,Online,21,Student,260,1,1661.68
TX000480,AC00350,319.27,7/20/2023 16:58,Credit,Omaha,D000457,214.67.148.245,M068,Online,54,Retired,59,1,5504.01
TX000481,AC00306,144.3,12/8/2023 17:24,Debit,Oklahoma City,D000098,93.170.203.44,M049,ATM,18,Student,88,1,312.19
TX000482,AC00229,348.7,5/2/2023 17:13,Credit,Fresno,D000175,142.184.68.230,M067,Branch,69,Retired,149,1,2445.58
TX000483,AC00148,366.21,1/12/2023 17:57,Debit,Oklahoma City,D000483,210.160.90.52,M052,ATM,62,Doctor,181,1,10862.99
TX000484,AC00305,99.11,5/1/2023 16:58,Debit,Philadelphia,D000195,42.219.228.159,M015,Online,55,Retired,12,1,5414.87
TX000485,AC00329,539.35,5/22/2023 17:34,Debit,Milwaukee,D000051,216.32.4.105,M002,ATM,55,Retired,127,1,3919.44
TX000486,AC00400,188.99,6/8/2023 16:43,Debit,Oklahoma City,D000551,200.136.146.93,M065,Branch,58,Engineer,92,1,7315.34
TX000487,AC00148,1416.69,1/16/2023 17:00,Debit,Nashville,D000418,219.98.242.240,M015,ATM,46,Engineer,58,1,3740.73
TX000488,AC00128,710.14,3/8/2023 16:20,Debit,El Paso,D000667,83.207.115.164,M059,ATM,26,Student,227,1,465.63
TX000489,AC00463,308.68,2/27/2023 17:14,Debit,Milwaukee,D000391,86.220.59.252,M064,Online,53,Doctor,170,1,9992.36
TX000490,AC00256,166.68,3/27/2023 18:47,Debit,Mesa,D000130,187.52.200.18,M008,ATM,57,Retired,139,1,5141.19
TX000491,AC00166,0.99,9/13/2023 16:55,Debit,Los Angeles,D000503,187.199.178.27,M029,ATM,45,Engineer,133,1,4317.85
TX000492,AC00318,505.19,3/14/2023 16:25,Debit,Kansas City,D000660,60.89.202.192,M023,ATM,30,Doctor,128,5,5326.68
TX000493,AC00213,66.58,12/4/2023 17:06,Debit,Raleigh,D000419,20.147.6.179,M040,Branch,23,Student,79,1,1636.32
TX000494,AC00075,223.43,2/8/2023 17:59,Debit,Dallas,D000095,198.73.211.114,M091,Branch,77,Retired,178,1,7932.41
TX000495,AC00498,659.95,9/20/2023 16:59,Debit,Detroit,D000665,94.227.164.192,M044,Online,60,Engineer,114,1,3927.69
TX000496,AC00039,634.86,8/10/2023 16:28,Debit,Chicago,D000151,122.94.26.104,M009,ATM,27,Student,45,1,588.5
TX000497,AC00114,286.5,10/23/2023 16:58,Credit,Boston,D000602,16.128.130.153,M097,Branch,30,Engineer,60,1,8517.95
TX000498,AC00326,322.96,11/27/2023 16:21,Credit,Philadelphia,D000275,135.29.211.116,M033,Branch,76,Retired,168,1,2401.59
TX000499,AC00450,654.48,8/7/2023 16:37,Debit,Columbus,D000277,148.112.151.27,M047,Branch,19,Student,114,1,6776.41
TX000500,AC00325,157.97,6/21/2023 16:00,Debit,Philadelphia,D000635,89.237.88.251,M009,Branch,48,Doctor,140,1,5529.92
